source,medium,total_sessions,total_transactions,revenue_usd
(direct),(none),189445,4697,716676.81
google,organic,170006,1466,144780.07
youtube.com,referral,50391,9,251.31
analytics.google.com,referral,10916,0,0.0
Partners,affiliate,9761,6,558.67
google,cpc,9264,176,20732.75
google.com,referral,2912,4,335.26
m.facebook.com,referral,2791,4,97.94
dfa,cpm,2728,72,119533.57
sites.google.com,referral,1440,16,2011.92
reddit.com,referral,1376,1,16.97
facebook.com,referral,1295,4,190.91
t.co,referral,1201,4,124.76
baidu,organic,1114,0,0.0
qiita.com,referral,1088,0,0.0
quora.com,referral,1081,0,0.0
bing,organic,1079,14,747.77
yahoo,organic,1022,14,1049.15
mail.google.com,referral,885,43,12250.64
siliconvalley.about.com,referral,862,3,253.77
